Категория,Название сообщества,Описание,Контакты руководителя,Ссылка на соцсети ,Комментарий 
Досуг,МиФишка,"объединение, организовывающее игры в мафию",@kirill_drashiga,https://t.me/mifishkamafia,
Досуг,Чайный клуб,"проводятся традиционные чайные церемонии, мероприятия, направленные на ознакомление с чайной культурой","@dargasova, @aiokhim",https://vk.com/tea_club_mephi https://t.me/tea_club_mephi,
Досуг,Книжный клуб,"объединение для любителей литературы, где можно найти одномышленников для совместного прочтения и обсуждения произведений",,https://t.me/mephi_booksclub,
Досуг,Аниме клуб,клуб любителей азиатской культуры,,https://t.me/necomephi   ,
Досуг,Клуб дебатов и лекций,"объединение, проводящее дебаты, дебат-турниры, лекции от опытных спикеров",https://vk.com/mortiferum_ursus,https://vk.com/nestormephi?w=club218720947,связь осо
Досуг,Клуб настольных игр,"клуб, в котором проводятся настольные ролевые игры",@kirill_drashiga,https://t.me/kni_mephi,
Досуг,Клуб военной истории и ролевого моделирования,"Клуб занимается историческим фехтованием, ролевым моделированием, реконструкцией эпохи Золотой Орды, организацией турниров, маневров и полевых ролевых игр, а также проведением тренировок по стрельбе из лука и участием в университетских мероприятиях",https://vk.com/aleksandra_shch,https://vk.com/mephi_virm,связь осо искусство 
Досуг,клуб знатаков,"""""""Клуб интеллектуальных игр 
===========================
Тренировки проводятся каждую неделю по вечерам ПЯТНИЦЫ.
Следи за анонсами и точным временем начала тренировок на стене группы.""""""",руководитель - https://vk.com/ya_na_otdahe: заместитель - https://vk.com/vilgelm_tullius,https://vk.com/znatokmephi,"связь осо, наука"
Искусство,Клуб военной истории и ролевого моделирования,"Клуб занимается историческим фехтованием, ролевым моделированием, реконструкцией эпохи Золотой Орды, организацией турниров, маневров и полевых ролевых игр, а также проведением тренировок по стрельбе из лука и участием в университетских мероприятиях",https://vk.com/aleksandra_shch,https://vk.com/mephi_virm,связь осо досуг
Искусство,Студенческий Театр ИАТЭ,"театр, лауреат различных конкурсов, занимается театральными постановками и участвует в мероприятиях студклуба",?,?,
Искусство,Студия эстрадного вокала ИАТЭ ,"вокальный коллектив, готовит программы для различных мероприятий института",?,?,
Искусство,Танцевальный коллектив «PARADOX»,"коллектив современного молодёжного танца, участвует в институционных и городских фестивалях",Егор Львов (https://vk.com/egor_yeahgorr),https://t.me/paradox_msk,связь спорт
Искусство,ИЗО-Центр «Арт-подсобка»,"объединение для развития творческих способностей в изобразительном искусстве, с мастер-классами и выставками",Коваленко Алина Павловна тел. +7 (916) 363-65-13,Группа ВК: https://vk.com/artpodsobka; Телеграм-канал: https://t.me/izocentr,связь осо
Искусство,Восьмое творческое объединение МИФИ (ВТО),"многопрофильное творческое объединение с театром миниатюр, концертами, написанием сценариев, клубами КВН и самодеятельной песни",Руководитель ВТО: https://vk.com/ojbvfr; Роман Козлов (консильери): https://vk.com/titanium22b ,Группа ВК: https://vk.com/vtomephi,связь осо
Искусство,Студия искусств Х.Л.А.М.,"включает хореографию, литературу и другие виды искусства","Крюченков Вячеслав - https://vk.com/mrmagician , krutchenkov00@mail.ru",вк: https://vk.com/art__calm; Тг: https://t.me/h_l_a_m,связь осо
Искусство,Ансамбль бального танца «ЭСТА-МИФИ»,танцевальное объединение с акцентом на бальные танцы,"руководитель - https://vk.com/aporeshina
allaporeshina@gmail.com
+7 (926) 523-60-13, https://vk.com/poreshin
poreshin@mail.ru
+7 (926) 829-01-29",http://vk.me/esta_mephi,"связь осо, спорт"
Искусство,Центр Молодежной Культуры НИЯУ МИФИ,"занимается вокалом, танцами, поэзией, выступлениями на сцене",?,?,
Искусство,Клуб любителей поэзии НИЯУ МИФИ,"Визитной карточкой клуба являются музыкально-поэтические вечера, на которые приходят все, кто желает послушать красивое исполнение стихотворений или песен, и кто желает самостоятельно исполнить известные произведения или произведения собственного сочинения. Также Клуб активно занимается видео производством в рамках проекта “Камерный театр”, и постоянно публикует стихотворения авторов-мифистов в группе Вконтакте.",Болгарев Михаил @bolgarew,https://vk.com/mephi_poetry,связь осо
Искусство,Лаборатория звука,"Ты музыкант? Певец? Продюсер музыки? Сочиняешь песни или просто любишь музыку? Тогда обязательно вступай в Лабораторию звука!
Ведь Лаборатория звука - это:
Репетиционная база в МИФИ
Куча оборудования для выступлений и записи
Возможность найти единомышленников
Просто крутые и заряженные ребята, которые помогут тебе во всем, связанном с музыкой :)","студенческий руководитель, администратор репбазы, ответственный за ударные - https://vk.com/id172560064; заместитель, администратор репбазы, ответственный за технику - https://vk.com/madvasya: отвечу на вопросы - https://vk.com/mavtice, https://vk.com/tapppyofficial, https://vk.com/anchous_annstep: главный редактор и дизайнер - https://vk.com/kate_sh9: редактор и дизайнер - https://vk.com/alexofrivia: отец-основатель - https://vk.com/leliksss",вк: https://vk.com/rl_mephi,связь осо
Искусство,Мужской академический хор МИФИ,"Участниками хора являются студенты, сотрудники и выпускники Национального исследовательского ядерного университета ""МИФИ"". Народный коллектив, лауреат премии Ленинского комсомола, лауреат Всероссийских и международных конкурс, Чемпион IX всемирных хоровых игр.",Художественный руководитель и дирижер - заслуженная артистка РФ Надежда Малявина,https://taplink.cc/choirmephi,связь осо
искусство ,EXPlosion МИФИ,"➡Хип-хоп команда НИЯУ МИФИ ⬅

Принимаем участие во многих московских и всероссийских соревнованиях. Танцуем не только hip-hop, но и house, breakdance, vogue. Также пробуем себя в dancehall, afro, jazz funk, twerk, popping, contemporary. Как видишь, скучать — это точно не про нас!","руководитель - https://vk.com/varushka08, пиар - https://vk.com/tremendousclown, хореограф - https://vk.com/baba_klava0606",https://t.me/explosion_mephi https://vk.com/explosion_mephi,связь спорт 
Искусство,Камерный хор «Carpe Diem» ,"Коллектив ежегодно принимает участие в культурно-массовых мероприятиях Университета, ведет активную концертную деятельность, выступает на ведущих концертных площадках Москвы и представляет МИФИ на городских и международных фестивалях.",Гурская Елена Сергеевна; Даутов Остап Олегович (контактов нет),ВК: https://vk.com/carpediemmephi; Тг: https://t.me/carpediemchoir,связь осо
Искусство,Культура и Творчество МИФИ (КиТ МИФИ),"Доступно и интересно рассказываем студентам МИФИ обо всех видах искусства и культурной жизни не только в самом университете, но и за его пределами!",https://vk.com/kozlovaa_ia IATyurina@mephi.ru; https://vk.com/titanium22b rakozlov@mephi.ru; редактор - https://vk.com/tatuanaru,https://vk.com/culturamephi Telegram: https://t.me/kit_mephi,связь осо
искусство ,"""Вокальная студия НИЯУ МИФИ """"Quanto di Stella""""""","""QUANTO DI STELLA - ЧАСТИЧКА ЗВЕЗДЫ

Занятия в нашем коллективе дадут тебе следующие возможности:
- постановка голоса
- постановка дыхания
- раскрепощение
- работа над дикцией
- актерское мастерство
- работа с микрофоном
- выступление на сцене в ансамбле <3
- сольные выступления.

Также с нами ты сможешь совершенствовать свои навыки аккомпанемента на музыкальных инструментах. Если у тебя уже есть любимые произведения, то работа в студии поможет тебе овладеть ими!""",староста ансамбля - https://vk.com/id384208537: руководитель - https://vk.com/id87809882,https://vk.com/quanto_di_stella,
Карьера,Студенческие карьерные медиа ,"команда, освещающая карьерные события и возможности для студентов НИЯУ МИФИ",,,"связь медиа, осо"
Карьера,Мастерская компетенций,"сообщество, направленное на развитие профессиональных и карьерных навыков",https://vk.com/id151387445,https://vk.com/mephi_ccenter,связь осо
Карьера,Сообщество студентов Росатома,связанное с карьерой в отрасли Росатома и её предприятиях,https://vk.com/vladimirkvv,https://vk.com/rosatomstudent,связь осо
Карьера,ВИКLab,"карьерное сообщество, связанное с IT-направлениями и инновациями",mailto:rector@mephi.ru,https://vk.com/vikrf_ru,связь осо
Карьера,Кейс-клуб,сообщество для тренировки навыков решения бизнес-кейсов и развития компетенций,https://vk.com/z0z0z0zz0 (медийщик),https://vk.com/cmephi,связь осо
Карьера,Бизнес Клуб,"сообщество, ориентированное на предпринимательство и карьеру в бизнесе",@pltnkvartem,https://t.me/businessclubmephi,связь осо
Карьера,Карьерный клуб «Старт Карьеры»,"предоставляет информацию о стажировках, практиках и вакансиях, занимается организацией карьерных мероприятий и получил признание на премии «ВРаботе 2023» как один из лучших студенческих карьерных проектов Москвы",https://vk.com/mbambak,https://vk.com/career_counseling,
Карьера,Академия карьерных сообществ,"интенсивный образовательный проект с тренингами, мастер-классами и играми для развития карьерных навыков и создания карьерных проектов студентами",,,
Медиа,Студенческие карьерные медиа ,"команда, освещающая карьерные события и возможности для студентов НИЯУ МИФИ",,,"связь карьера,  осо"
Медиа,Студенческий медиацентр,"занимается информационным освещением жизни университета, продвижением бренда среди молодежи. Участники получают навыки фото и видео съемки, SMM, дизайна, работают журналистами, ведущими и редакторами. Проводит Школу медиа для развития мультимедийных навыков и командной работы",,,
Медиа,Фотоклуб НИЯУ МИФИ,"""сообщество фотографов НИЯУ МИФИ

сообщество, объединяющее сердца и проекты людей из

Пресс-служба ОСО НИЯУ МИФИ
Редакция студенческого журнала """"АТОМ""""
Отдел мультимедийных технологий НИЯУ МИФИ""","администратор сообщества, фотограф - https://vk.com/id131702533, https://vk.com/denslect",https://t.me/photomephi https://vk.com/mephiphotos,связь с осо
Медиа,Пресс-служба ОСО НИЯУ МИФИ ,"информационный отдел Объединенного совета обучающихся, занимающийся освещением крупнейших студенческих мероприятий внутри и вне стен университета, а также продвижением бренда НИЯУ МИФИ среди молодёжи.",руководитель -  Русинова Марина Юрьевна - https://vk.com/marinaded,https://vk.com/osomephi ,связь осо
Наука,Студенческое научное общество (СНО) НИЯУ МИФИ,"главное научное объединение студентов, занимающихся научно-исследовательской, инновационной и научно-просветительской деятельностью. СНО создаёт условия для развития научного потенциала студентов, координирует научные инициативы, организует научные кружки, проекты, конференции, хакатоны и лектории, а также подготовку к олимпиадам.","""председатель - https://vk.com/id467808482
sno@mephi.ru, заместитель председателя - https://vk.com/lorwefg
sno@mephi.ru, куратор - https://vk.com/militarytide
AGBorodina@mephi.ru ""","""https://vk.com/snomephi Телеграм: @snomephi YouTube: https://clck.ru/sK2om По любым вопросам и интересным предложениям sno@mephi.ru
Теперь мы оперативно отвечаем на любые ваши вопросы в telegram @snomephi_bot""",связь ОСО
Наука,Студенческое научное общество ИАТЭ НИЯУ МИФИ,"объединение студентов Института ядерной и атомной энергетики, активно участвующих в научно-исследовательской работе в институте, включающее кружки, исследовательские группы и турнирное направление для начинающих исследователей",,,
Наука,Студенческое научное общество ДИТИ НИЯУ МИФИ ,"(Димитровградский инженерно-технологический институт) — поддерживает молодых учёных, организует школы и семинары, научно-практические мероприятия, круглые столы и научно-популярные лекции, а также интеллектуальные игры и мастер-классы для развития научного мышления",,,
Наука,Клуб знатоков,"""Клуб интеллектуальных игр 
===========================
Тренировки проводятся каждую неделю по вечерам ПЯТНИЦЫ.
Следи за анонсами и точным временем начала тренировок на стене группы.""",руководитель - https://vk.com/ya_na_otdahe: заместитель - https://vk.com/vilgelm_tullius,https://vk.com/znatokmephi,связь осо
Наука,Математическая лига,"Открытое объединение всех интересующихся математикой, направленное на популяризацию студенческого математического образования",,https://t.me/mathleague,связь осо
Общественная деятельность,Движение кураторов,"Кураторское движение - это объединение инициативных людей, помогающих адаптироваться первокурсникам к студенческой жизни. Чтобы стать куратором, необходимо пройти Школу Кураторов, которая проходит ежегодно во второй половине августа.",Кузьмина Дарья Александровна-https://vk.com/daria_kuz,https://vk.com/curator_mephi и тг: https://t.me/vsemvsemq,связь осо
Общественная деятельность,Волонтерский центр,"объединение студентов НИЯУ МИФИ, занимающихся социальным, событийным и экологическим добровольчеством.",Финогенова Елизавета Владимировна,https://vk.com/vcmephi,связь осо
Общественная деятельность,ЭкоМИФИ,"ЭкоМИФИ — экологическое движение студентов НИЯУ МИФИ. Члены объединения стараются вовлечь как можно больше людей в деятельную заботу о сохранении природы и стремятся к уменьшению собственного экоследа.ЭкоМИФИ организует акции по раздельному сбору отходов, ведёт постоянный сбор большого количества видов вторсырья на территории университета и общежитий, а также проводит просветительские мероприятия.",Акимова Анна Павловна - vk.com/onjouse,vk.com/ecomephi,связь осо
Общественная деятельность,Патриотический клуб верность,"Основные задачи:1)активизация созидательной работы в молодежной среде; 2)формирование у студентов чувства долга, ответственности за судьбы людей и порученное дело; 3)исследование духовно-исторического наследия России на основе новых информационных технологий; 4)организация на постоянной основе в рамках курса социально-гуманитарных дисциплин НИЯУ МИФИ факультативных занятий по углубленному изучению отечественной военной истории; 5)подготовка и проведение мероприятий, связанных с днями воинской славы (победными днями) России, другими памятными датами отечественной истории, с популяризацией и пропагандой деятельности выдающихся российских и советских полководцев и военачальников; 6) периодический выпуск материалов, посвященных отечественной истории и истории НИЯУ МИФИ.",Горячкин Павел- https://vk.com/pavel_goryachkind,https://vk.com/vernost.mephi   https://t.me/s/vernost_mephi,связь осо
Общественная деятельность,Cтаростат,"Старостат НИЯУ МИФИ — составная часть системы студенческого самоуправления университета, которая даёт возможность каждому студенту — вне зависимости от области его интересов — принимать участие в повышении качества образовательного процесса в университете.",Глеб Просенюк - тг:@Glebushhhka,starostat@mephi.ru https://t.me/starostat_nrnu_mephi,связь осо
Общественная деятельность,Совет общежитий,"Студенческое объединение, основной задачей которого является защита прав и интересов обучающихся, проживающих в общежитиях университета. Члены Совета участвуют во всех сферах жизни общежитий — от решения бытовых проблем проживающих до организации масштабных полезно-значимых досуговых мероприятий.",Председатель СО — Баяндина Алёна Константиновна Заместитель председателя — Бугаец Арина Андреевна,https://t.me/somephi (чат t.me/somephi_chat)   vk.com/somephi,связь осо
Общественная деятельность,Клуб интернациональной дружбы,"Клуб Интернациональной Дружбы возрождён в 2023 году, чтобы помогать иностранным студентам быстро и эффективно интегрироваться в студенческую жизнь НИЯУ МИФИ.",Ариина Пирогова -https://vk.com/arisha_pirogova,https://vk.com/kid_mephi  https://t.me/kid_mephi,
ОСО,студенческое научное сообщество,"Студенческое научное общество НИЯУ МИФИ — объединение, направленное на создание единой платформы, в рамках которой возможна горизонтальная коммуникация между студентами, преподавателями, научными сотрудниками и администрацией университета. 

Наша главная задача — создание комфортных условий для развития научного и исследовательского потенциала студентов МИФИ, а также увеличение заинтересованности в науке.","председатель - https://vk.com/id467808482
sno@mephi.ru, заместитель председателя - https://vk.com/lorwefg
sno@mephi.ru, куратор - https://vk.com/militarytide
AGBorodina@mephi.ru ","https://vk.com/snomephi Телеграм: @snomephi YouTube: https://clck.ru/sK2om По любым вопросам и интересным предложениям sno@mephi.ru
Теперь мы оперативно отвечаем на любые ваши вопросы в telegram @snomephi_bot",связь наука
,,,,,
ОСО,клуб знатоков,"Клуб интеллектуальных игр 
===========================
Тренировки проводятся каждую неделю по вечерам ПЯТНИЦЫ.
Следи за анонсами и точным временем начала тренировок на стене группы.",руководитель - https://vk.com/ya_na_otdahe: заместитель - https://vk.com/vilgelm_tullius,https://vk.com/znatokmephi,"связь наука, досуг"
ОСО,математическая лига,"Открытое объединение всех интересующихся математикой, направленное на популяризацию студенческого математического образования",,https://t.me/mathleague,связь наука 
ОСО,"Клуб дебатов и лекций НИЯУ МИФИ ""Нестор""","Клуб дебатов и лекций «Нестор» - это не просто площадка для обсуждений, это школа живой мысли, где ты научишься аргументировать свою точку зрения так, чтобы оппоненты сдавались без боя. 

В «Несторе» тебя ждут:

• Жаркие дебаты
• Дебат-турниры
• Лекции от опытных спикеров

Присоединяйся к «Нестору» и научись уверенно отстаивать свою точку зрения!","председатель - https://vk.com/mortiferum_ursus, сотрудничество и внешние связи - https://vk.com/perekser",https://vk.com/nestormephi https://discord.gg/GVKEweQ9 https://t.me/+1rZZ_8uQIXI1MWU6,связь досуг
ОСО,день донора,"Несмотря на то, что Москва — большой город, многие больницы часто сталкиваются с проблемой нехватки донорской крови. Это связано с тем, что люди очень заняты учебой, работой, и не могут выделить несколько часов на визит в отделение переливания крови. 

Поэтому добровольческое движение НИЯУ МИФИ сделало все возможное, чтобы студенты смогли сдать кровь, не отрываясь от учебы. Традиционно 4 раза в год врачи Федерального медико-биологического агентства приезжают прямо в здание института.
 
Донором может стать студент, достигший 18 лет и не имеющий противопоказаний к сдаче крови. При себе необходимо иметь только паспорт и СНИЛС.",,https://vk.com/donordaymephi Telegram: https://t.me/donordaymephi,связь проекты-события
ОСО,"благотворительный фестиваль ""от сердца к сердцу""",Творчество в помощь детям ,,"https://t.me/h2hfest
Наша группа Вконтакте: https://vk.com/h2hfest_msk",связь проекты-события
ОСО,Волонтёрский центр,"Волонтёрский центр – объединение студентов НИЯУ МИФИ, занимающихся социальным и событийным добровольчеством. Став частью нашей команды, вы сможете помогать окружающим, дарить тепло и заботу им, организовывать различные акции, а также раскрыть свой потенциал и прокачать личностные качества. В нашей сплочённой и дружной команде мы рады каждому!",заместитель председателя - https://vk.com/mary_soldatofff руководитель медиа - https://vk.com/amarkova05 председатель - https://vk.com/kaksamyydikiyzames,https://vk.com/vcmephi,связь общественная деятельность
ОСО,ЭкоМИФИ,"ЭкоМИФИ - это сообщество студентов, заботящихся об окружающей среде. Наша миссия - создание в университете комфортной среды для ведения экологичного образа жизни.

Чем мы занимаемся?

Внедряем раздельный сбор отходов на территории вуза и общежитий;

Проводим просветительские мероприятия и экологические мастер-классы;

Делимся с вами эко-новостями в соцсетях.","руководитель - Акимова Анна, vk.com/onjouse",https://vk.com/ecomephi,связь общественная деятельность
ОСО,Спортивный клуб «Реактор»,"спортивное объединение, которое занимается популяризацией спорта и активного образ жизни в студенческой среде. Клуб организует внутренние мероприятия, взаимодействует с кафедрой физического воспитания, а также сотрудничает с АССК России. Объединение активно поддерживает сборные команды вуза, освещает их достижения в социальных сетях и проводит прямые трансляции выступлений.
","руководитель - https://vk.com/lesnikhauz velosiped37@yandex.ru заместитель руководителя, руководитель направлений дизайн и социальные сети - https://vk.com/biktanas жёсткий писарь - https://vk.com/mur____uwu____mur",https://vk.com/reactorclub t.me/reactor_mephi,спорт осо
ОСО,Культура и Творчество МИФИ (КиТ МИФИ),"Доступно и интересно рассказываем студентам МИФИ обо всех видах искусства и культурной жизни не только в самом университете, но и за его пределами!",https://vk.com/kozlovaa_ia IATyurina@mephi.ru; https://vk.com/titanium22b rakozlov@mephi.ru; редактор - https://vk.com/tatuanaru,https://vk.com/culturamephi Telegram: https://t.me/kit_mephi,связь искусство 
ОСО,Клуб Любителей Поэзии НИЯУ МИФИ,"КЛП - это дружный коллектив студентов, сотрудников и преподавателей университета, которым небезразлична поэзия в любых её проявлениях. Клуб каждые две недели проводит музыкально-поэтические вечера, гитарники и вечера поэтического просвещения, а также публикует стихотворения авторов-мифистов в социальных сетях и на страницах сборников поэтов МИФИ.","руководитель клуба - https://vk.com/bolgarew, куратор клуба - https://vk.com/ilya_simanchev, https://vk.com/karpova_bereza (не подписанно кто)","https://vk.com/mephi_poetry Telegram:
https://t.me/mephi_poetry",связь искусство 
ОСО,Восьмое Творческое Объединение (ВТО МИФИ),"ВТО - это студенческий ТЕАТР. Существует с 1969 года. Здесь ставят целые концерты и отдельные миниатюры, делают интерактивные квест-игры, снимают пародий и скетчи, организуют творческие выезды на природу. ""Специализация"" - комедия во всей её красе.

В ВТО вы сможете:

играть на сцене

открыть в себе талант сценариста

посидеть в кресле режиссёра

создавать костюмы

выступать в МИФИ и на многих площадках Москвы, Питера и даже Беларуси",руководитель - https://vk.com/ojbvfr: экс-руководитель и консильери - https://vk.com/titanium22b,https://vk.com/vtomephi,связь искусство 
ОСО,Лаборатория звука,"Лаборатория звука МИФИ - это студенческое объединение, деятельность которого направлена на развитие неформальных музыкальных коллективов разных жанров в МИФИ. Лаборатория звука является наследником Рок-лаборатории, появившейся еще в конце 90-х и собравшей под своим крылом немало молодых рок-групп. Одни группы уже не играют, другие изменили состав, название, место обитания и играют еще лучше, чем раньше.

Основной силой Лаборатории являются студенты, увлеченные музыкой, способные к творчеству и мечтающие о головокружительном успехе.
Если ты один/одна из таких, присоединяйся, тебе понравится!","студенческий руководитель, администратор репбазы, ответственный за ударные - https://vk.com/id172560064; заместитель, администратор репбазы, ответственный за технику - https://vk.com/madvasya: отвечу на вопросы - https://vk.com/mavtice, https://vk.com/tapppyofficial, https://vk.com/anchous_annstep: главный редактор и дизайнер - https://vk.com/kate_sh9: редактор и дизайнер - https://vk.com/alexofrivia: отец-основатель - https://vk.com/leliksss",https://vk.com/rl_mephi,связь искусство 
ОСО,ИЗО-Центр НИЯУ МИФИ,"инженеры-художники по стопам Леонардо ИЗО-Центр создан, чтобы:
- отвлечься от бесконечного матана;
- забыть все нерешенные задачи на время, пока ты держишь кисточку в руке;
- пить чай с печеньем, пока на твоей картине застывает краска;
- походить по выставкам в хорошей компании 
- и найти единомышленников
В ИЗО-Центре “Арт-подсобка” каждый может расслабиться и почувствовать себя настоящим художником. Сейчас ИЗО-Центр обучает традиционному рисованию и графическому дизайну. По выходным в студии можно освоить азы академического рисунка и портрета, научиться работать с цветом и перспективой, начать рисовать акрилом и маслом под руководством художника-преподавателя.
Когда: воскресенье (2 раза в месяц) и суббота (2 раза в месяц) с 13:00 до 16:00

Где: ул. Москворечье, д.15, отдельный вход в ""Квант"" (детский сад №526)","руководитель ИЗО-центра - https://vk.com/id42083540: студенческий руководитель ИЗО-центра - https://vk.com/lizaforrr: зам.руководителя - https://vk.com/agirlincapri, https://vk.com/well_hows_it_going: староста ИЗО-центра - https://vk.com/p.semenof",https://vk.com/artpodsobka https://t.me/izocentr,связь искусство 
ОСО,Клуб исторического фехтования и ролевого моделирования,Приветствуем всех желающих заниматься историческим фехтованием!,"глава клуба - https://vk.com/aleksandra_shch
+7 (925) 843-00-72: ответственный за тренировочный процесс - https://vk.com/misha_feral
+7 (915) 465-33-32: работа с общественностью - https://vk.com/id195260636
+7 (929) 949-85-66",https://vk.com/mephi_virm,"связь досуг, искусство "
ОСО,Ансамбль бального танца ЭСТА НИЯУ МИФИ,"Секция танцевального спорта НИЯУ МИФИ - ""Больше чем просто танцы!"" Наши филиалы в Москве:

1. Коломенский проезд, д.21 (Библиотека 136)
2. Электролитный проезд, д.3, корп.1 (ДК Нагорный)
3. ул.Газопровод, д.9А, (ДК Маяк)","руководитель - https://vk.com/aporeshina
allaporeshina@gmail.com
+7 (926) 523-60-13, https://vk.com/poreshin
poreshin@mail.ru
+7 (926) 829-01-29",http://vk.me/esta_mephi,связь исскуство
ОСО,Академический Мужской Хор МИФИ,"Академический мужской хор МИФИ сегодня - это один из самых известных любительских коллективов России. Участниками хора являются студенты, сотрудники и выпускники Национального исследовательского ядерного университета ""МИФИ"".

Народный коллектив, лауреат премии Ленинского комсомола, лауреат Всероссийских и международных конкурс, Чемпион IX всемирных хоровых игр. Репертуар хора включает произведения всех времён, жанров и стилей: от сочинений эпохи барокко и Ренессанса до сложных современных хоровых партитур, песни советских композиторов и народные песни, русская и зарубежная классика, христианские песнопения Востока и Запада.

Мужской хор МИФИ регулярно участвует в известных российских хоровых фестивалях в Нижнем Новгороде, Сарове, Казани, Ярославле, Курске, Рыбинске, Смоленске, Калуге, Великом Новгороде. Хор регулярно совершает гастрольные поездки на российские атомные электростанции. Неоднократно мужской хор университета выступал с концертами на Красной площади Москвы в дни особых торжеств и государственных праздников нашей страны. В мае 2022 года Мужской хор МИФИ отметил свое 65-летие на сцене Большого зала Московской консерватории.

На сегодняшний день Академический мужской хор МИФИ занимает 9-ю позицию в мировом рейтинге мужских хоров.

Художественный руководитель и дирижер - заслуженная артистка РФ Надежда Малявина, главный хормейстер - Анна Хазанова. Хормейстеры: Лия Обшадко, Юлия Алисова, Елена Пестерева, заслуженный артист РФ Дмитрий Семеновский.",https://vk.com/paha76 https://vk.com/ufedotov https://vk.com/kaskov_s,https://t.me/s/choirmephi https://vk.com/choirmephi,связь искусство 
ОСО,"Камерный хор НИЯУ МИФИ ""CARPE DIEM""","Камерный хор начал свою историю в МИФИ в 2001 году. Коллектив ежегодно принимает участие в культурно-массовых мероприятиях Университета, ведет активную концертную деятельность, выступает на ведущих концертных площадках Москвы и представляет МИФИ на городских и международных фестивалях, таких как: ""Фестос"", ""Chorus inside"" (г. Москва), ""Папараць-кветка"" (г. Минск), ""Молодые голоса"" (г. Нижний Новгород), VII Всероссийский конкурс академических хоров и вокальных ансамблей ""Поющая Россия (г. Санкт-Петербург), VII Международный фестиваль студенческих и академических хоров ""Веснушка"" (г. Ярославль), ""Прага Моцарта"" (г. Прага), ""Словакия кантат–2014"" (г. Братислава). На II Всероссийском хоровом конкурсе-фестивале «Хоровая Казань–2016» коллектив стал победителем в номинации «Смешанные хоры» и обладателем специального приза за лучшее исполнение произведения а капелла. В феврале 2017 года Камерный хор одержал победу на IV Международном фестивале хоровой музыки имени Г.Е. Терацуянца в конкурсе на лучшее исполнение произведения композитора стран Северной Европы и Карелии (г. Петрозаводск).

Также Камерный хор «CARPE DIEM» представляет вниманию публики независимые музыкальные программы совместно с профессиональными музыкальными ансамблями. В репертуаре — хоровая музыка различных эпох.",руководитель: Гурская Елена Сергеевна- https://vk.com/gurskayaelena Хормейстер: Даутов Остап Олегович - https://vk.com/ostap4eg669,https://vk.com/carpediemchoir https://t.me/carpediemchoir,связь искусство 
ОСО,"Вокальная студия НИЯУ МИФИ ""Quanto di Stella""","QUANTO DI STELLA - ЧАСТИЧКА ЗВЕЗДЫ

Занятия в нашем коллективе дадут тебе следующие возможности:
- постановка голоса
- постановка дыхания
- раскрепощение
- работа над дикцией
- актерское мастерство
- работа с микрофоном
- выступление на сцене в ансамбле <3
- сольные выступления.

Также с нами ты сможешь совершенствовать свои навыки аккомпанемента на музыкальных инструментах. Если у тебя уже есть любимые произведения, то работа в студии поможет тебе овладеть ими!",староста ансамбля - https://vk.com/id384208537: руководитель - https://vk.com/id87809882,https://vk.com/quanto_di_stella,связь искусство 
ОСО,Студия искусств «Х.Л.А.М.»,"“…если вы начнёте рассматривать искусства в их совокупности, вы ощутите вечное течение жизни…” - Ромен Роллан
 
Студия искусств «Х.Л.А.М.» - это место реализации талантов! 
 
Мы объединяем в себе все виды искусства: Хореографию, Литературу, Актёрское мастерство, Музыку и многие другие. 
 
Здесь каждый найдёт занятие по душе: вы сможете рисовать, научиться танцевать, попробовать себя как актёра, декоратора, сценариста; научиться чему-то новому и воплотить в жизнь даже самую безумную идею. 
 
Вы сможете погрузиться и погрузить зрителя в чарующую атмосферу любимого литературного произведения, прожить на сцене чувства любимого героя; создать незабываемый перформанс, который объединит в себе эстетическую и историко-культурную цель. 
 
Также мы устраиваем уличные выступления в красивых местах города и ведём медиапроекты! 
 
Мы объединяем участников в большую компанию талантливых и творческих ребят. Наши двери открыты для каждого, кто чувствует в себе страсть к созданию прекрасного. Ждём вас! ",организатор - https://vk.com/mrmagician,https://vk.com/art__calm,связь искусство 
ОСО,Пресс-служба ОСО НИЯУ МИФИ,"информационный отдел Объединенного совета обучающихся, занимающийся освещением крупнейших студенческих мероприятий внутри и вне стен университета, а также продвижением бренда НИЯУ МИФИ среди молодёжи.",руководитель -  Русинова Марина Юрьевна - https://vk.com/marinaded,https://vk.com/osomephi ,связь медиа
ОСО,Кураторское движение НИЯУ МИФИ,"Кураторское движение - это объединение инициативных людей, помогающих адаптироваться первокурсникам к студенческой жизни. Чтобы стать куратором, необходимо пройти Школу Кураторов, которая проходит ежегодно во второй половине августа.",руководитель кураторского движения - https://vk.com/daria_kuz,"https://t.me/vsemvsemq, https://vk.com/curator_mephi",
ОСО,"СПО ""Альтависта""","""Альтависта"" — единственный и неповторимый педагогический отряд, основанный на базе НИЯУ МИФИ 30 марта 2018 года. Мы входим в Штаб Студенческих отрядов НИЯУ МИФИ и являемся частью московского регионального отделения МООО ""РСО"". 3-е место среди педагогических отрядов Москвы 2021

👨‍🎓 Педагогический отряд в техническом вузе - не миф, а реальность! Летом мы работаем в детских лагерях вожатыми, а в остальное время года сотрудничаем с предуниверситарием НИЯУ МИФИ, принимаем участие в благотворительных проектах, участвуем в творческих фестивалях и это далеко не всё! 

Направления нашей деятельности: работа летом в детских лагерях, работа с учениками Предуниверситария НИЯУ МИФИ, участие в благотворительных проектах для детей, помощь в организации и проведении мероприятий НИЯУ МИФИ, а также много интересного во внутренней жизни отряда!","командир - https://vk.com/amurzlik, комиссар - https://vk.com/viviksen, методист - https://vk.com/id211241264, руководитель PR-отдела - https://vk.com/vikasikka",https://vk.com/spo_altavista тг-канал: https://t.me/sovinyidvizh,связь отряды
ОСО,ССО Маяк,"Студенческий строительный отряд «Маяк» основан в 2016 году. Каждый год мы собираем в наших рядах самых энергичных студентов, готовых развиваться и пробовать что-то новое. 

💥 Один из лучших строительных отрядов Москвы! (2-е место по итогам конкурса «Лучший студенческий строительный отряд Москвы» в 2024 году)

⚒ Для студентов НИЯУ МИФИ отряды — это прекрасная возможность познакомиться с будущим местом работы. Мы проходим официальное трудоустройство на проектах атомной отрасли. 🎭 В свободное от работы время мы участвуем в конкурсах. Здесь каждый может проявить свои таланты, открыть в себе что-то новое и найти друзей с различных уголков страны. 
 
🎨 Но самое интересное происходит внутри отряда и передаётся из поколения в поколение. Проведя много дней бок о бок, мы становимся настоящей командой, где каждый готов помочь своему товарищу.

Рассказывать можно долго, но самый надёжный способ всё узнать — это попробовать самому. Заполняйте анкету, пишите в сообщения группы, мы ждём вас!","командир - https://vk.com/gusar_vivat, комиссар - https://vk.com/mrs.polsha, мастер - https://vk.com/linkvizition, руководитель PR-службы - https://vk.com/iriska0808",https://vk.com/sso_mayak,связь отряды
ОСО,ССО Слейпнир,"мужской строительный отряд был создан 22 ноября 2013 года в городе Москва на базе НИЯУ МИФИ. В ВУЗе второй по старшенству и первый по мужичеству.

Батьки основатели: Зайцев Игорь, Трушин Максим и Пряничников Александр.
Пройдя этот опыт с нами, ты:
поймёшь, как много в тебе неисчерпаемых источников энергии для творческой самореализации
обретёшь верных друзей — с которыми хоть в огонь и воду
навсегда сохранишь в себе частицу вечного пламени отрядного духа","командир - https://vk.com/igogot, комиссар - https://vk.com/id538255961, мастер - https://vk.com/id261346621",https://vk.com/mephisleipnir,связь отряды 
ОСО,ССО Творцы Энергии,"ССО ""Творцы Энергии"" - это компания, состоящая из разных, удивительных, особенных девочек, готовых покорять любые вершины! Мы - это теплая семья, готовая принять, хорошо провести время вместе и помочь с чем угодно. отряд Создан 22 октября 2012 года.


У нас вы поймёте, что такое настоящая отрядная любовь: вечерние посиделки за чашечкой чая, помощь в любых трудностях и, конечно, соблюдение всех традиций!

Если ты готова:

Провести незабываемое лето;

Заработать все деньги стройки;

Стать частью большой семьи;

Познакомиться с ребятами из разных уголков нашей необъятной страны;

Проявить себя с разных сторон;

Приобрести ценнейший опыт и полезные навыки;

Окунуться в океан диких эмоций и воспоминаний;

Выйти из зоны комфорта,
то присоединяйся к самому красивому отряду, заполнив анкету!","командир - https://vk.com/rkolesnikova.maria, комиссар - https://vk.com/yuki.shiro18, мастер - https://vk.com/ssonjash",https://vk.com/sso_tvorci,связь отряды
ОСО,ССО Триумф,"Студенческий Строительный Отряд «Триумф» 

📆Основан 20 декабря 2014 г.

✨Наш девиз:
«Успехов достигнем в любом начинании, 
К общему делу приложим старание, 
Триумф впереди всегда и во всем, 
Сквозь тернии к звёздам мы смело идем!»

👷‍♂️Чем мы занимаемся летом?

После сессии работаем на стройке в другом городе, в том числе на строительстве объектов «Росатома». 💃А что ещё делаем на целине?

— путешествуем;
— общаемся с другими отрядниками;
— участвуем в творческих конкурсах: песни, танцы, театр, дизайн и т.д.;
— соревнуемся в спорте;
— поём под гитару у костра;
— болтаем, играем, отдыхаем.

💥Чем занимаемся в течение года?

— участвуем в отрядном движе: конкурсах, слётах, мастер-классах, соревнованиях и т.д.;
— активничаем в МИФИ: волонтерим, организуем мероприятия, например, Фестиваль От Сердца к Сердцу, Творческий вечер, игротеки и т.д.;— вместе развлекаемся, отдыхаем и общаемся!","командир - https://vk.com/r.minabutdinov3 ssotriumf@yandex.ru +8 (987) 277-54-65, комиссар https://vk.com/nasa911 +7 (953) 960-28-72, мастер - https://vk.com/eldarchurkin +7 (916) 664-69-59, глава PR-отдела - https://vk.com/fyrlucif +7 (985) 905-98-35",https://vk.com/sso_triumph,связь отряды 
,,,,,
ОСО,Совет общежитий,"Совет общежитий — это неравнодушные студенты, которые совместно стараются сделать жизнь в общежитии более комфортной. Это истинные хранители правил проживания в кампусе НИЯУ МИФИ!

Деятельность разбита на 3 сектора, затрагивающих различные аспекты жизни в общежитиях и обеспечения работы Совета: — решение социально-бытовых проблем (неработающих душей, стиральных машинок, лампочек); — организация культурно-досуговых мероприятий; — медийное сопровождение деятельности Совета и информирование студентов о мероприятиях и деятельности администрации. Совет общежитий с 2014 года оперативно решает проблемы студентов, связанные с проживанием в общежитии, и отвечает на любые вопросы. ","председатель совета общежитий - https://vk.com/arishe_el AABugaets@mephi.ru: заместитель председателя - https://vk.com/a.dudkina0, https://vk.com/wikipeder: руководитель социально-бытового направления работы - https://vk.com/nikitastodelov: руководитель медиа направления работы - https://vk.com/young1743: руководитель культурно-доугового направления работы - https://vk.com/lelyamartyanova",https://t.me/somephi https://vk.com/somephi,связь с общественной деятельностью
ОСО,Старостат,"Старостат НИЯУ МИФИ — составная часть системы студенческого самоуправления университета, которая даёт возможность каждому студенту — вне зависимости от области его интересов — принимать участие в повышении качества образовательного процесса в университете.

Направления деятельности:
методическая поддержка работы старост учебных групп;
организация встреч студентов с представителями администрации и университетских кафедр;
развитие студенческих образовательных кружков по общим и профильным предметам для помощи студентам с освоением образовательной программы;
проведение опросов студентов о качестве образовательного процесса.
Проекты, направленные на методическую поддержку работы старост учебных групп
мероприятие «Школа старост НИЯУ МИФИ»;
конкурс «Лучший староста НИЯУ МИФИ»;
тестирование старост учебных групп и их заместителей на знание нормативных документов НИЯУ МИФИ;
тематические лекции и тренинги для старост учебных групп и их заместителей.",Беликова Варвара Алексанровна,https://t.me/starostat_nrnu_mephi,связь с общественной деятельностью
ОСО ,Фотоклуб НИЯУ МИФИ,"сообщество фотографов НИЯУ МИФИ

сообщество, объединяющее сердца и проекты людей из

Пресс-служба ОСО НИЯУ МИФИ
Редакция студенческого журнала ""АТОМ""
Отдел мультимедийных технологий НИЯУ МИФИ","администратор сообщества, фотограф - https://vk.com/id131702533, https://vk.com/denslect",https://t.me/photomephi https://vk.com/mephiphotos,связь медиа
ОСО ,ВИКLab,"карьерное сообщество, связанное с IT-направлениями и инновациями",mailto:rector@mephi.ru,https://vk.com/vikrf_ru,связь карьера 
ОСО ,Мастерская компетенций,"сообщество, направленное на развитие профессиональных и карьерных навыков",https://vk.com/id151387445,https://vk.com/mephi_ccenter,связь карьера 
ОСО ,Карьерные студенческие медиа,"команда, освещающая карьерные события и возможности для студентов НИЯУ МИФИ",,,связь карьера 
ОСО ,Бизнес Клуб,"сообщество, ориентированное на предпринимательство и карьеру в бизнесе",@pltnkvartem,@pltnkvartem,связь карьера 
ОСО ,Кейс-клуб,сообщество для тренировки навыков решения бизнес-кейсов и развития компетенций,https://vk.com/z0z0z0zz0 (медийщик),https://vk.com/cmephi,связь карьера 
Отряд,СПО Альтависта,,,,связь осо
Отряд,ССО Маяк,"Основан в 2016 году. Ежегодно объединяет энергичных студентов для работы на строительных проектах, ориентированных на развитие, командную работу и получение практического опыта в сфере строительства",,https://vk.com/sso_mayak,связь осо
Отряд,ССО Слейпнир,"Название заимствовано из скандинавской мифологии: Слейпнир — восьминогий конь Одина, символ прочности, скорости и преданности делу. Отряд участвует в профильных трудовых проектах университета",,https://vk.com/mephisleipnir,связь осо
Отряд,ССО Творцы энергии,"Женский строительный студенческий отряд НИЯУ МИФИ, создан 22 октября 2012 года. Активно участвует в межрегиональных и всероссийских стройках, становясь лауреатом профильных конкурсов по производственной и комиссарской деятельности. Отряд известен инициативностью и высоким уровнем организации совместных мероприятий",,https://vk.com/sso_tvorci,связь осо
Отряд,ССО Триумф,"Строительный студенческий отряд, основанный 20 декабря 2014 года. Участвует в различных строительных объектах, в том числе на крупных всероссийских стройках, отличаясь активной позицией и командным духом",,https://vk.com/sso_triumph,связь осо
,,,,,
Отряд,Штаб студенческих отрядов МИФИ,,,https://vk.com/shtabsomephi,связь осо
Отряд,СОП Гамма,,,https://vk.com/sop_gamma,связь осо
Отряд,ОКД Резонанс,,,https://vk.com/culture_band,связь осо 
Отряд,ОСД Мята,,,https://vk.com/osd.myata,связь осо
,,,,,
Проекты-события,Мифический бал,"Традиционное мероприятие, на котором можно погрузиться в атмосферу сказки, научиться танцевать, найти друзей и любовь.",https://vk.com/a.dudkina0,https://vk.com/balmephi,
Проекты-события,"Проект ""Вызов""","Спортивно-туристическое мероприетие, которое прохоит на базе отдыха ""Волга""",https://t.me/mr_gentlemanlike,https://t.me/nuclear_challenge,
Проекты-события,Хакатон АтомHack,"Хакатон для студентов бакалавриата 4 курса, специалитета (старшие курсы) и магистратуры IT и инженерных специальностей",https://hes.mephi.ru/?page_id=27202#Registr,https://hes.mephi.ru/?page_id=27202,
Проекты-события,Акселератор МИФИ,"ПРОКАЧАЙТЕ ИДЕЮ И ПОЛУЧИТЕ ПЕРВОЕ ФИНАНСИРОВАНИЕ
Доработайте бизнес-идею с командой экспертов, получите финансирование на разработку прототипа и запустите успешный стартап",accelerator@mephi.ru,https://accelerator.mephi.ru/,
проекты-события,день донора,"""Несмотря на то, что Москва — большой город, многие больницы часто сталкиваются с проблемой нехватки донорской крови. Это связано с тем, что люди очень заняты учебой, работой, и не могут выделить несколько часов на визит в отделение переливания крови. 

Поэтому добровольческое движение НИЯУ МИФИ сделало все возможное, чтобы студенты смогли сдать кровь, не отрываясь от учебы. Традиционно 4 раза в год врачи Федерального медико-биологического агентства приезжают прямо в здание института.
 
Донором может стать студент, достигший 18 лет и не имеющий противопоказаний к сдаче крови. При себе необходимо иметь только паспорт и СНИЛС.""",,https://vk.com/donordaymephi Telegram: https://t.me/donordaymephi,связь осо
проекты-события ,"""благотворительный фестиваль """"от сердца к сердцу""""""",Творчество в помощь детям ,,"""https://t.me/h2hfest
Наша группа Вконтакте: https://vk.com/h2hfest_msk""",связь осо
Секции,,,,,
Спорт,,,,,
Проекты-события ,Мифическое казино ,Организация тематических вечеринок,@ilich_05,https://t.me/mythicasino,